{
  "cv_f1_mean": 0.9995195192593839,
  "cv_f1_std": 0.0004492558970278027,
  "auc_roc": 1.0,
  "threshold": 0.45,
  "n_train": 8160,
  "n_test": 2040
}