{
  "feature_names": [
    "packet_rate",
    "byte_rate",
    "flow_duration",
    "avg_packet_size",
    "syn_ratio",
    "ack_ratio",
    "fin_ratio",
    "rst_ratio",
    "src_port_div",
    "dst_port_div",
    "inter_arrival",
    "payload_entropy",
    "is_tcp",
    "is_udp",
    "is_icmp"
  ],
  "class_names": [
    "Normal",
    "SYN Flood",
    "UDP Flood",
    "HTTP Flood",
    "Smurf"
  ],
  "scaler_mean": [
    1568.4149362104497,
    136033.0999994598,
    479.07505631878354,
    747.3072148323809,
    0.28790458078315556,
    0.4676439840608442,
    0.1499415793415164,
    0.080175580837941,
    0.6884261871326307,
    0.508870984709547,
    10.829246365132505,
    5.0031912138928964,
    0.62475,
    0.19675,
    0.10425
  ],
  "scaler_scale": [
    1828.0555667095482,
    173113.325734118,
    680.221683762604,
    432.0459657207149,
    0.35337484072454084,
    0.36667390376712433,
    0.1481203510926913,
    0.08400822346880153,
    0.2766404773720161,
    0.35902574668897586,
    16.794042522517557,
    2.205287549561108,
    0.48418739915450093,
    0.397541743091213,
    0.3055845832171512
  ],
  "children_left": [
    1,
    2,
    -1,
    -1,
    5,
    6,
    7,
    -1,
    9,
    -1,
    -1,
    12,
    -1,
    -1,
    15,
    16,
    -1,
    -1,
    19,
    -1,
    -1
  ],
  "children_right": [
    4,
    3,
    -1,
    -1,
    14,
    11,
    8,
    -1,
    10,
    -1,
    -1,
    13,
    -1,
    -1,
    18,
    17,
    -1,
    -1,
    20,
    -1,
    -1
  ],
  "feature": [
    3,
    9,
    -2,
    -2,
    5,
    3,
    3,
    -2,
    6,
    -2,
    -2,
    3,
    -2,
    -2,
    0,
    8,
    -2,
    -2,
    9,
    -2,
    -2
  ],
  "threshold": [
    -1.469790279865265,
    -0.5330607295036316,
    -2.0,
    -2.0,
    -0.6826404929161072,
    1.0226241052150726,
    0.3334400951862335,
    -2.0,
    -1.0068792700767517,
    -2.0,
    -2.0,
    1.2375053763389587,
    -2.0,
    -2.0,
    -0.7252818048000336,
    -1.7878402471542358,
    -2.0,
    -2.0,
    -0.7678719460964203,
    -2.0,
    -2.0
  ],
  "value": [
    [
      [
        0.20000000000002915,
        0.2000000000000179,
        0.20000000000001528,
        0.2000000000000179,
        0.2000000000000179
      ]
    ],
    [
      [
        0.0004997501249375312,
        0.9995002498750624,
        0.0,
        0.0,
        0.0
      ]
    ],
    [
      [
        0.0,
        1.0,
        0.0,
        0.0,
        0.0
      ]
    ],
    [
      [
        0.09090909090909091,
        0.9090909090909091,
        0.0,
        0.0,
        0.0
      ]
    ],
    [
      [
        0.24990623827981578,
        0.0,
        0.25003125390675185,
        0.2500312539067552,
        0.2500312539067552
      ]
    ],
    [
      [
        0.0003748594277146075,
        0.0,
        0.4998125702861367,
        0.0,
        0.4998125702861433
      ]
    ],
    [
      [
        0.0007494379215588308,
        0.0,
        0.0,
        0.0,
        0.999250562078441
      ]
    ],
    [
      [
        0.04109589041095891,
        0.0,
        0.0,
        0.0,
        0.9589041095890412
      ]
    ],
    [
      [
        0.0,
        0.0,
        0.0,
        0.0,
        1.0
      ]
    ],
    [
      [
        0.0,
        0.0,
        0.0,
        0.0,
        1.0
      ]
    ],
    [
      [
        0.0,
        0.0,
        0.0,
        0.0,
        1.0
      ]
    ],
    [
      [
        0.0,
        0.0,
        1.0,
        0.0,
        0.0
      ]
    ],
    [
      [
        0.0,
        0.0,
        1.0,
        0.0,
        0.0
      ]
    ],
    [
      [
        0.0,
        0.0,
        1.0,
        0.0,
        0.0
      ]
    ],
    [
      [
        0.49968730456536437,
        0.0,
        0.0,
        0.5003126954346298,
        0.0
      ]
    ],
    [
      [
        0.9987490617963474,
        0.0,
        0.0,
        0.0012509382036526699,
        0.0
      ]
    ],
    [
      [
        0.6428571428571427,
        0.0,
        0.0,
        0.3571428571428571,
        0.0
      ]
    ],
    [
      [
        1.0,
        0.0,
        0.0,
        0.0,
        0.0
      ]
    ],
    [
      [
        0.0007503751875937969,
        0.0,
        0.0,
        0.999249624812406,
        0.0
      ]
    ],
    [
      [
        0.0,
        0.0,
        0.0,
        1.0,
        0.0
      ]
    ],
    [
      [
        0.07894736842105264,
        0.0,
        0.0,
        0.9210526315789473,
        0.0
      ]
    ]
  ]
}